count,date
1,2013-01-01 00:00:00
6,2013-01-02 00:00:00
8,2013-01-03 00:00:00
5,2013-01-04 00:00:00
4,2013-01-05 00:00:00
2,2013-01-06 00:00:00
10,2013-01-07 00:00:00
3,2013-01-08 00:00:00
8,2013-01-09 00:00:00
3,2013-01-10 00:00:00
2,2013-01-11 00:00:00
3,2013-01-12 00:00:00
2,2013-01-13 00:00:00
1,2013-01-14 00:00:00
5,2013-01-15 00:00:00
2,2013-01-16 00:00:00
1,2013-01-17 00:00:00
2,2013-01-18 00:00:00
3,2013-01-21 00:00:00
5,2013-01-22 00:00:00
8,2013-01-23 00:00:00
3,2013-01-24 00:00:00
3,2013-01-25 00:00:00
3,2013-01-26 00:00:00
3,2013-01-27 00:00:00
4,2013-01-28 00:00:00
3,2013-01-29 00:00:00
1,2013-01-30 00:00:00
8,2013-01-31 00:00:00
9,2013-02-01 00:00:00
4,2013-02-02 00:00:00
4,2013-02-03 00:00:00
4,2013-02-04 00:00:00
6,2013-02-05 00:00:00
10,2013-02-06 00:00:00
1,2013-02-07 00:00:00
11,2013-02-08 00:00:00
6,2013-02-09 00:00:00
1,2013-02-10 00:00:00
2,2013-02-11 00:00:00
12,2013-02-12 00:00:00
2,2013-02-13 00:00:00
17,2013-02-14 00:00:00
7,2013-02-15 00:00:00
11,2013-02-16 00:00:00
8,2013-02-17 00:00:00
19,2013-02-18 00:00:00
7,2013-02-19 00:00:00
5,2013-02-20 00:00:00
9,2013-02-21 00:00:00
9,2013-02-22 00:00:00
1,2013-02-23 00:00:00
6,2013-02-24 00:00:00
5,2013-02-25 00:00:00
5,2013-02-26 00:00:00
6,2013-02-27 00:00:00
23,2013-02-28 00:00:00
11,2013-03-01 00:00:00
4,2013-03-02 00:00:00
6,2013-03-03 00:00:00
7,2013-03-04 00:00:00
13,2013-03-05 00:00:00
14,2013-03-06 00:00:00
13,2013-03-07 00:00:00
7,2013-03-08 00:00:00
7,2013-03-09 00:00:00
4,2013-03-10 00:00:00
9,2013-03-11 00:00:00
11,2013-03-12 00:00:00
17,2013-03-13 00:00:00
7,2013-03-14 00:00:00
29,2013-03-15 00:00:00
2,2013-03-16 00:00:00
1,2013-03-17 00:00:00
78,2013-03-18 00:00:00
33,2013-03-19 00:00:00
34,2013-03-20 00:00:00
39,2013-03-21 00:00:00
52,2013-03-22 00:00:00
17,2013-03-23 00:00:00
19,2013-03-24 00:00:00
25,2013-03-25 00:00:00
31,2013-03-26 00:00:00
47,2013-03-27 00:00:00
50,2013-03-28 00:00:00
56,2013-03-29 00:00:00
17,2013-03-30 00:00:00
36,2013-03-31 00:00:00
61,2013-04-01 00:00:00
50,2013-04-02 00:00:00
110,2013-04-03 00:00:00
120,2013-04-04 00:00:00
125,2013-04-05 00:00:00
28,2013-04-06 00:00:00
56,2013-04-07 00:00:00
93,2013-04-08 00:00:00
142,2013-04-09 00:00:00
198,2013-04-10 00:00:00
465,2013-04-11 00:00:00
351,2013-04-12 00:00:00
129,2013-04-13 00:00:00
95,2013-04-14 00:00:00
207,2013-04-15 00:00:00
87,2013-04-16 00:00:00
71,2013-04-17 00:00:00
80,2013-04-18 00:00:00
63,2013-04-19 00:00:00
19,2013-04-20 00:00:00
31,2013-04-21 00:00:00
41,2013-04-22 00:00:00
45,2013-04-23 00:00:00
45,2013-04-24 00:00:00
34,2013-04-25 00:00:00
48,2013-04-26 00:00:00
31,2013-04-27 00:00:00
18,2013-04-28 00:00:00
46,2013-04-29 00:00:00
29,2013-04-30 00:00:00
45,2013-05-01 00:00:00
90,2013-05-02 00:00:00
61,2013-05-03 00:00:00
32,2013-05-04 00:00:00
32,2013-05-05 00:00:00
69,2013-05-06 00:00:00
73,2013-05-07 00:00:00
44,2013-05-08 00:00:00
39,2013-05-09 00:00:00
49,2013-05-10 00:00:00
34,2013-05-11 00:00:00
24,2013-05-12 00:00:00
69,2013-05-13 00:00:00
84,2013-05-14 00:00:00
92,2013-05-15 00:00:00
97,2013-05-16 00:00:00
104,2013-05-17 00:00:00
25,2013-05-18 00:00:00
41,2013-05-19 00:00:00
62,2013-05-20 00:00:00
41,2013-05-21 00:00:00
25,2013-05-22 00:00:00
45,2013-05-23 00:00:00
54,2013-05-24 00:00:00
16,2013-05-25 00:00:00
28,2013-05-26 00:00:00
46,2013-05-27 00:00:00
182,2013-05-28 00:00:00
164,2013-05-29 00:00:00
75,2013-05-30 00:00:00
92,2013-05-31 00:00:00
46,2013-06-01 00:00:00
28,2013-06-02 00:00:00
64,2013-06-03 00:00:00
47,2013-06-04 00:00:00
38,2013-06-05 00:00:00
83,2013-06-06 00:00:00
35,2013-06-07 00:00:00
30,2013-06-08 00:00:00
21,2013-06-09 00:00:00
41,2013-06-10 00:00:00
59,2013-06-11 00:00:00
42,2013-06-12 00:00:00
46,2013-06-13 00:00:00
66,2013-06-14 00:00:00
26,2013-06-15 00:00:00
51,2013-06-16 00:00:00
41,2013-06-17 00:00:00
33,2013-06-18 00:00:00
40,2013-06-19 00:00:00
48,2013-06-20 00:00:00
42,2013-06-21 00:00:00
25,2013-06-22 00:00:00
45,2013-06-23 00:00:00
82,2013-06-24 00:00:00
47,2013-06-25 00:00:00
46,2013-06-26 00:00:00
91,2013-06-27 00:00:00
47,2013-06-28 00:00:00
25,2013-06-29 00:00:00
17,2013-06-30 00:00:00
70,2013-07-01 00:00:00
267,2013-07-02 00:00:00
65,2013-07-03 00:00:00
35,2013-07-04 00:00:00
36,2013-07-05 00:00:00
16,2013-07-06 00:00:00
19,2013-07-07 00:00:00
43,2013-07-08 00:00:00
51,2013-07-09 00:00:00
73,2013-07-10 00:00:00
46,2013-07-11 00:00:00
52,2013-07-12 00:00:00
28,2013-07-13 00:00:00
39,2013-07-14 00:00:00
40,2013-07-15 00:00:00
37,2013-07-16 00:00:00
45,2013-07-17 00:00:00
37,2013-07-18 00:00:00
28,2013-07-19 00:00:00
6,2013-07-20 00:00:00
15,2013-07-21 00:00:00
33,2013-07-22 00:00:00
106,2013-07-23 00:00:00
62,2013-07-24 00:00:00
41,2013-07-25 00:00:00
24,2013-07-26 00:00:00
19,2013-07-27 00:00:00
13,2013-07-28 00:00:00
39,2013-07-29 00:00:00
155,2013-07-30 00:00:00
69,2013-07-31 00:00:00
79,2013-08-01 00:00:00
28,2013-08-02 00:00:00
13,2013-08-03 00:00:00
25,2013-08-04 00:00:00
41,2013-08-05 00:00:00
62,2013-08-06 00:00:00
59,2013-08-07 00:00:00
86,2013-08-08 00:00:00
44,2013-08-09 00:00:00
18,2013-08-10 00:00:00
21,2013-08-11 00:00:00
239,2013-08-12 00:00:00
140,2013-08-13 00:00:00
66,2013-08-14 00:00:00
93,2013-08-15 00:00:00
70,2013-08-16 00:00:00
47,2013-08-17 00:00:00
32,2013-08-18 00:00:00
121,2013-08-19 00:00:00
132,2013-08-20 00:00:00
64,2013-08-21 00:00:00
61,2013-08-22 00:00:00
35,2013-08-23 00:00:00
20,2013-08-24 00:00:00
42,2013-08-25 00:00:00
81,2013-08-26 00:00:00
113,2013-08-27 00:00:00
156,2013-08-28 00:00:00
43,2013-08-29 00:00:00
51,2013-08-30 00:00:00
25,2013-08-31 00:00:00
16,2013-09-01 00:00:00
42,2013-09-02 00:00:00
42,2013-09-03 00:00:00
37,2013-09-04 00:00:00
46,2013-09-05 00:00:00
20,2013-09-06 00:00:00
13,2013-09-07 00:00:00
20,2013-09-08 00:00:00
33,2013-09-09 00:00:00
36,2013-09-10 00:00:00
38,2013-09-11 00:00:00
19,2013-09-12 00:00:00
29,2013-09-13 00:00:00
21,2013-09-14 00:00:00
16,2013-09-15 00:00:00
45,2013-09-16 00:00:00
36,2013-09-17 00:00:00
23,2013-09-18 00:00:00
82,2013-09-19 00:00:00
107,2013-09-20 00:00:00
13,2013-09-21 00:00:00
21,2013-09-22 00:00:00
44,2013-09-23 00:00:00
39,2013-09-24 00:00:00
49,2013-09-25 00:00:00
62,2013-09-26 00:00:00
51,2013-09-27 00:00:00
17,2013-09-28 00:00:00
10,2013-09-29 00:00:00
30,2013-09-30 00:00:00
48,2013-10-01 00:00:00
418,2013-10-02 00:00:00
459,2013-10-03 00:00:00
163,2013-10-04 00:00:00
57,2013-10-05 00:00:00
92,2013-10-06 00:00:00
96,2013-10-07 00:00:00
127,2013-10-08 00:00:00
93,2013-10-09 00:00:00
45,2013-10-10 00:00:00
42,2013-10-11 00:00:00
23,2013-10-12 00:00:00
17,2013-10-13 00:00:00
47,2013-10-14 00:00:00
52,2013-10-15 00:00:00
58,2013-10-16 00:00:00
58,2013-10-17 00:00:00
46,2013-10-18 00:00:00
22,2013-10-19 00:00:00
13,2013-10-20 00:00:00
46,2013-10-21 00:00:00
51,2013-10-22 00:00:00
64,2013-10-23 00:00:00
75,2013-10-24 00:00:00
86,2013-10-25 00:00:00
92,2013-10-26 00:00:00
49,2013-10-27 00:00:00
89,2013-10-28 00:00:00
178,2013-10-29 00:00:00
272,2013-10-30 00:00:00
170,2013-10-31 00:00:00
63,2013-11-01 00:00:00
29,2013-11-02 00:00:00
56,2013-11-03 00:00:00
141,2013-11-04 00:00:00
156,2013-11-05 00:00:00
209,2013-11-06 00:00:00
249,2013-11-07 00:00:00
178,2013-11-08 00:00:00
64,2013-11-09 00:00:00
43,2013-11-10 00:00:00
78,2013-11-11 00:00:00
190,2013-11-12 00:00:00
110,2013-11-13 00:00:00
116,2013-11-14 00:00:00
139,2013-11-15 00:00:00
58,2013-11-16 00:00:00
89,2013-11-17 00:00:00
440,2013-11-18 00:00:00
816,2013-11-19 00:00:00
309,2013-11-20 00:00:00
335,2013-11-21 00:00:00
295,2013-11-22 00:00:00
192,2013-11-23 00:00:00
125,2013-11-24 00:00:00
224,2013-11-25 00:00:00
174,2013-11-26 00:00:00
509,2013-11-27 00:00:00
470,2013-11-28 00:00:00
387,2013-11-29 00:00:00
136,2013-11-30 00:00:00
143,2013-12-01 00:00:00
299,2013-12-02 00:00:00
326,2013-12-03 00:00:00
280,2013-12-04 00:00:00
777,2013-12-05 00:00:00
444,2013-12-06 00:00:00
179,2013-12-07 00:00:00
138,2013-12-08 00:00:00
264,2013-12-09 00:00:00
224,2013-12-10 00:00:00
316,2013-12-11 00:00:00
274,2013-12-12 00:00:00
551,2013-12-13 00:00:00
181,2013-12-14 00:00:00
162,2013-12-15 00:00:00
388,2013-12-16 00:00:00
300,2013-12-17 00:00:00
581,2013-12-18 00:00:00
298,2013-12-19 00:00:00
235,2013-12-20 00:00:00
131,2013-12-21 00:00:00
112,2013-12-22 00:00:00
245,2013-12-23 00:00:00
185,2013-12-24 00:00:00
74,2013-12-25 00:00:00
175,2013-12-26 00:00:00
212,2013-12-27 00:00:00
91,2013-12-28 00:00:00
91,2013-12-29 00:00:00
173,2013-12-30 00:00:00
135,2013-12-31 00:00:00
75,2014-01-01 00:00:00
157,2014-01-02 00:00:00
119,2014-01-03 00:00:00
109,2014-01-04 00:00:00
99,2014-01-05 00:00:00
331,2014-01-06 00:00:00
286,2014-01-07 00:00:00
309,2014-01-08 00:00:00
229,2014-01-09 00:00:00
273,2014-01-10 00:00:00
100,2014-01-11 00:00:00
105,2014-01-12 00:00:00
210,2014-01-13 00:00:00
202,2014-01-14 00:00:00
279,2014-01-15 00:00:00
241,2014-01-16 00:00:00
229,2014-01-17 00:00:00
97,2014-01-18 00:00:00
95,2014-01-19 00:00:00
267,2014-01-20 00:00:00
318,2014-01-21 00:00:00
315,2014-01-22 00:00:00
225,2014-01-23 00:00:00
212,2014-01-24 00:00:00
72,2014-01-25 00:00:00
68,2014-01-26 00:00:00
514,2014-01-27 00:00:00
477,2014-01-28 00:00:00
241,2014-01-29 00:00:00
213,2014-01-30 00:00:00
175,2014-01-31 00:00:00
91,2014-02-01 00:00:00
58,2014-02-02 00:00:00
158,2014-02-03 00:00:00
232,2014-02-04 00:00:00
160,2014-02-05 00:00:00
343,2014-02-06 00:00:00
391,2014-02-07 00:00:00
105,2014-02-08 00:00:00
165,2014-02-09 00:00:00
480,2014-02-10 00:00:00
251,2014-02-11 00:00:00
432,2014-02-12 00:00:00
318,2014-02-13 00:00:00
274,2014-02-14 00:00:00
120,2014-02-15 00:00:00
97,2014-02-16 00:00:00
194,2014-02-17 00:00:00
282,2014-02-18 00:00:00
287,2014-02-19 00:00:00
259,2014-02-20 00:00:00
187,2014-02-21 00:00:00
71,2014-02-22 00:00:00
90,2014-02-23 00:00:00
311,2014-02-24 00:00:00
1470,2014-02-25 00:00:00
982,2014-02-26 00:00:00
656,2014-02-27 00:00:00
1246,2014-02-28 00:00:00
314,2014-03-01 00:00:00
165,2014-03-02 00:00:00
479,2014-03-03 00:00:00
501,2014-03-04 00:00:00
741,2014-03-05 00:00:00
1170,2014-03-06 00:00:00
1574,2014-03-07 00:00:00
349,2014-03-08 00:00:00
202,2014-03-09 00:00:00
594,2014-03-10 00:00:00
507,2014-03-11 00:00:00
304,2014-03-12 00:00:00
225,2014-03-13 00:00:00
255,2014-03-14 00:00:00
135,2014-03-15 00:00:00
112,2014-03-16 00:00:00
422,2014-03-17 00:00:00
284,2014-03-18 00:00:00
163,2014-03-19 00:00:00
265,2014-03-20 00:00:00
288,2014-03-21 00:00:00
128,2014-03-22 00:00:00
80,2014-03-23 00:00:00
194,2014-03-24 00:00:00
450,2014-03-25 00:00:00
377,2014-03-26 00:00:00
246,2014-03-27 00:00:00
216,2014-03-28 00:00:00
106,2014-03-29 00:00:00
112,2014-03-30 00:00:00
166,2014-03-31 00:00:00
197,2014-04-01 00:00:00
202,2014-04-02 00:00:00
145,2014-04-03 00:00:00
140,2014-04-04 00:00:00
64,2014-04-05 00:00:00
63,2014-04-06 00:00:00
149,2014-04-07 00:00:00
151,2014-04-08 00:00:00
243,2014-04-09 00:00:00
213,2014-04-10 00:00:00
184,2014-04-11 00:00:00
69,2014-04-12 00:00:00
49,2014-04-13 00:00:00
129,2014-04-14 00:00:00
202,2014-04-15 00:00:00
514,2014-04-16 00:00:00
177,2014-04-17 00:00:00
116,2014-04-18 00:00:00
76,2014-04-19 00:00:00
92,2014-04-20 00:00:00
169,2014-04-21 00:00:00
170,2014-04-22 00:00:00
144,2014-04-23 00:00:00
273,2014-04-24 00:00:00
135,2014-04-25 00:00:00
92,2014-04-26 00:00:00
67,2014-04-27 00:00:00
141,2014-04-28 00:00:00
227,2014-04-29 00:00:00
218,2014-04-30 00:00:00
87,2014-05-01 00:00:00
69,2014-05-02 00:00:00
32,2014-05-03 00:00:00
39,2014-05-04 00:00:00
104,2014-05-05 00:00:00
103,2014-05-06 00:00:00
115,2014-05-07 00:00:00
271,2014-05-08 00:00:00
213,2014-05-09 00:00:00
52,2014-05-10 00:00:00
36,2014-05-11 00:00:00
64,2014-05-12 00:00:00
168,2014-05-13 00:00:00
105,2014-05-14 00:00:00
101,2014-05-15 00:00:00
160,2014-05-16 00:00:00
49,2014-05-17 00:00:00
49,2014-05-18 00:00:00
133,2014-05-19 00:00:00
147,2014-05-20 00:00:00
102,2014-05-21 00:00:00
100,2014-05-22 00:00:00
133,2014-05-23 00:00:00
30,2014-05-24 00:00:00
47,2014-05-25 00:00:00
78,2014-05-26 00:00:00
121,2014-05-27 00:00:00
121,2014-05-28 00:00:00
236,2014-05-29 00:00:00
137,2014-05-30 00:00:00
32,2014-05-31 00:00:00
32,2014-06-01 00:00:00
106,2014-06-02 00:00:00
179,2014-06-03 00:00:00
146,2014-06-04 00:00:00
74,2014-06-05 00:00:00
95,2014-06-06 00:00:00
32,2014-06-07 00:00:00
28,2014-06-08 00:00:00
68,2014-06-09 00:00:00
89,2014-06-10 00:00:00
140,2014-06-11 00:00:00
194,2014-06-12 00:00:00
248,2014-06-13 00:00:00
49,2014-06-14 00:00:00
69,2014-06-15 00:00:00
238,2014-06-16 00:00:00
218,2014-06-17 00:00:00
206,2014-06-18 00:00:00
174,2014-06-19 00:00:00
94,2014-06-20 00:00:00
56,2014-06-21 00:00:00
49,2014-06-22 00:00:00
177,2014-06-23 00:00:00
107,2014-06-24 00:00:00
123,2014-06-25 00:00:00
136,2014-06-26 00:00:00
198,2014-06-27 00:00:00
51,2014-06-28 00:00:00
87,2014-06-29 00:00:00
217,2014-06-30 00:00:00
224,2014-07-01 00:00:00
300,2014-07-02 00:00:00
195,2014-07-03 00:00:00
251,2014-07-04 00:00:00
50,2014-07-05 00:00:00
33,2014-07-06 00:00:00
248,2014-07-07 00:00:00
106,2014-07-08 00:00:00
181,2014-07-09 00:00:00
121,2014-07-10 00:00:00
160,2014-07-11 00:00:00
81,2014-07-12 00:00:00
41,2014-07-13 00:00:00
92,2014-07-14 00:00:00
98,2014-07-15 00:00:00
163,2014-07-16 00:00:00
216,2014-07-17 00:00:00
177,2014-07-18 00:00:00
92,2014-07-19 00:00:00
57,2014-07-20 00:00:00
130,2014-07-21 00:00:00
101,2014-07-22 00:00:00
121,2014-07-23 00:00:00
96,2014-07-24 00:00:00
96,2014-07-25 00:00:00
33,2014-07-26 00:00:00
35,2014-07-27 00:00:00
142,2014-07-28 00:00:00
121,2014-07-29 00:00:00
114,2014-07-30 00:00:00
125,2014-07-31 00:00:00
80,2014-08-01 00:00:00
31,2014-08-02 00:00:00
35,2014-08-03 00:00:00
119,2014-08-04 00:00:00
92,2014-08-05 00:00:00
180,2014-08-06 00:00:00
117,2014-08-07 00:00:00
109,2014-08-08 00:00:00
34,2014-08-09 00:00:00
31,2014-08-10 00:00:00
230,2014-08-11 00:00:00
160,2014-08-12 00:00:00
109,2014-08-13 00:00:00
105,2014-08-14 00:00:00
175,2014-08-15 00:00:00
51,2014-08-16 00:00:00
45,2014-08-17 00:00:00
110,2014-08-18 00:00:00
153,2014-08-19 00:00:00
127,2014-08-20 00:00:00
111,2014-08-21 00:00:00
94,2014-08-22 00:00:00
29,2014-08-23 00:00:00
21,2014-08-24 00:00:00
78,2014-08-25 00:00:00
72,2014-08-26 00:00:00
64,2014-08-27 00:00:00
112,2014-08-28 00:00:00
128,2014-08-29 00:00:00
84,2014-08-30 00:00:00
52,2014-08-31 00:00:00
202,2014-09-01 00:00:00
206,2014-09-02 00:00:00
132,2014-09-03 00:00:00
190,2014-09-04 00:00:00
154,2014-09-05 00:00:00
40,2014-09-06 00:00:00
37,2014-09-07 00:00:00
132,2014-09-08 00:00:00
191,2014-09-09 00:00:00
387,2014-09-10 00:00:00
395,2014-09-11 00:00:00
136,2014-09-12 00:00:00
50,2014-09-13 00:00:00
32,2014-09-14 00:00:00
141,2014-09-15 00:00:00
84,2014-09-16 00:00:00
82,2014-09-17 00:00:00
88,2014-09-18 00:00:00
138,2014-09-19 00:00:00
40,2014-09-20 00:00:00
33,2014-09-21 00:00:00
110,2014-09-22 00:00:00
210,2014-09-23 00:00:00
172,2014-09-24 00:00:00
103,2014-09-25 00:00:00
81,2014-09-26 00:00:00
33,2014-09-27 00:00:00
36,2014-09-28 00:00:00
137,2014-09-29 00:00:00
108,2014-09-30 00:00:00
263,2014-10-01 00:00:00
114,2014-10-02 00:00:00
131,2014-10-03 00:00:00
51,2014-10-04 00:00:00
48,2014-10-05 00:00:00
167,2014-10-06 00:00:00
153,2014-10-07 00:00:00
142,2014-10-08 00:00:00
125,2014-10-09 00:00:00
77,2014-10-10 00:00:00
57,2014-10-11 00:00:00
36,2014-10-12 00:00:00
84,2014-10-13 00:00:00
330,2014-10-14 00:00:00
146,2014-10-15 00:00:00
53,2014-10-16 00:00:00
81,2014-10-17 00:00:00
36,2014-10-18 00:00:00
40,2014-10-19 00:00:00
87,2014-10-20 00:00:00
97,2014-10-21 00:00:00
131,2014-10-22 00:00:00
107,2014-10-23 00:00:00
77,2014-10-24 00:00:00
65,2014-10-25 00:00:00
36,2014-10-26 00:00:00
105,2014-10-27 00:00:00
82,2014-10-28 00:00:00
82,2014-10-29 00:00:00
73,2014-10-30 00:00:00
65,2014-10-31 00:00:00
37,2014-11-01 00:00:00
26,2014-11-02 00:00:00
88,2014-11-03 00:00:00
115,2014-11-04 00:00:00
77,2014-11-05 00:00:00
309,2014-11-06 00:00:00
369,2014-11-07 00:00:00
94,2014-11-08 00:00:00
49,2014-11-09 00:00:00
109,2014-11-10 00:00:00
81,2014-11-11 00:00:00
93,2014-11-12 00:00:00
108,2014-11-13 00:00:00
80,2014-11-14 00:00:00
57,2014-11-15 00:00:00
51,2014-11-16 00:00:00
104,2014-11-17 00:00:00
155,2014-11-18 00:00:00
62,2014-11-19 00:00:00
78,2014-11-20 00:00:00
81,2014-11-21 00:00:00
29,2014-11-22 00:00:00
30,2014-11-23 00:00:00
74,2014-11-24 00:00:00
74,2014-11-25 00:00:00
121,2014-11-26 00:00:00
68,2014-11-27 00:00:00
64,2014-11-28 00:00:00
28,2014-11-29 00:00:00
22,2014-11-30 00:00:00
91,2014-12-01 00:00:00
97,2014-12-02 00:00:00
87,2014-12-03 00:00:00
127,2014-12-04 00:00:00
84,2014-12-05 00:00:00
58,2014-12-06 00:00:00
53,2014-12-07 00:00:00
95,2014-12-08 00:00:00
111,2014-12-09 00:00:00
83,2014-12-10 00:00:00
332,2014-12-11 00:00:00
189,2014-12-12 00:00:00
46,2014-12-13 00:00:00
36,2014-12-14 00:00:00
84,2014-12-15 00:00:00
148,2014-12-16 00:00:00
126,2014-12-17 00:00:00
140,2014-12-18 00:00:00
136,2014-12-19 00:00:00
64,2014-12-20 00:00:00
42,2014-12-21 00:00:00
113,2014-12-22 00:00:00
74,2014-12-23 00:00:00
52,2014-12-24 00:00:00
50,2014-12-25 00:00:00
93,2014-12-26 00:00:00
114,2014-12-27 00:00:00
37,2014-12-28 00:00:00
71,2014-12-29 00:00:00
92,2014-12-30 00:00:00
155,2014-12-31 00:00:00
54,2015-01-01 00:00:00
87,2015-01-02 00:00:00
32,2015-01-03 00:00:00
47,2015-01-04 00:00:00
141,2015-01-05 00:00:00
198,2015-01-06 00:00:00
130,2015-01-07 00:00:00
80,2015-01-08 00:00:00
118,2015-01-09 00:00:00
48,2015-01-10 00:00:00
42,2015-01-11 00:00:00
101,2015-01-12 00:00:00
250,2015-01-13 00:00:00
216,2015-01-14 00:00:00
230,2015-01-15 00:00:00
160,2015-01-16 00:00:00
40,2015-01-17 00:00:00
40,2015-01-18 00:00:00
93,2015-01-19 00:00:00
193,2015-01-20 00:00:00
191,2015-01-21 00:00:00
129,2015-01-22 00:00:00
131,2015-01-23 00:00:00
38,2015-01-24 00:00:00
50,2015-01-25 00:00:00
222,2015-01-26 00:00:00
188,2015-01-27 00:00:00
174,2015-01-28 00:00:00
96,2015-01-29 00:00:00
92,2015-01-30 00:00:00
46,2015-01-31 00:00:00
46,2015-02-01 00:00:00
91,2015-02-02 00:00:00
136,2015-02-03 00:00:00
235,2015-02-04 00:00:00
180,2015-02-05 00:00:00
81,2015-02-06 00:00:00
44,2015-02-07 00:00:00
56,2015-02-08 00:00:00
148,2015-02-09 00:00:00
116,2015-02-10 00:00:00
123,2015-02-11 00:00:00
92,2015-02-12 00:00:00
74,2015-02-13 00:00:00
16,2015-02-14 00:00:00
57,2015-02-15 00:00:00
54,2015-02-16 00:00:00
162,2015-02-17 00:00:00
110,2015-02-18 00:00:00
91,2015-02-19 00:00:00
74,2015-02-20 00:00:00
33,2015-02-21 00:00:00
34,2015-02-22 00:00:00
81,2015-02-23 00:00:00
116,2015-02-24 00:00:00
115,2015-02-25 00:00:00
102,2015-02-26 00:00:00
44,2015-02-27 00:00:00
49,2015-02-28 00:00:00
51,2015-03-01 00:00:00
83,2015-03-02 00:00:00
71,2015-03-03 00:00:00
61,2015-03-04 00:00:00
89,2015-03-05 00:00:00
119,2015-03-06 00:00:00
31,2015-03-07 00:00:00
25,2015-03-08 00:00:00
72,2015-03-09 00:00:00
109,2015-03-10 00:00:00
160,2015-03-11 00:00:00
130,2015-03-12 00:00:00
114,2015-03-13 00:00:00
35,2015-03-14 00:00:00
67,2015-03-15 00:00:00
85,2015-03-16 00:00:00
112,2015-03-17 00:00:00
182,2015-03-18 00:00:00
104,2015-03-19 00:00:00
73,2015-03-20 00:00:00
24,2015-03-21 00:00:00
26,2015-03-22 00:00:00
84,2015-03-23 00:00:00
66,2015-03-24 00:00:00
75,2015-03-25 00:00:00
67,2015-03-26 00:00:00
52,2015-03-27 00:00:00
25,2015-03-28 00:00:00
32,2015-03-29 00:00:00
259,2015-03-30 00:00:00
171,2015-03-31 00:00:00
131,2015-04-01 00:00:00
84,2015-04-02 00:00:00
71,2015-04-03 00:00:00
31,2015-04-04 00:00:00
27,2015-04-05 00:00:00
110,2015-04-06 00:00:00
145,2015-04-07 00:00:00
94,2015-04-08 00:00:00
85,2015-04-09 00:00:00
95,2015-04-10 00:00:00
27,2015-04-11 00:00:00
31,2015-04-12 00:00:00
71,2015-04-13 00:00:00
89,2015-04-14 00:00:00
100,2015-04-15 00:00:00
124,2015-04-16 00:00:00
68,2015-04-17 00:00:00
28,2015-04-18 00:00:00
26,2015-04-19 00:00:00
74,2015-04-20 00:00:00
84,2015-04-21 00:00:00
83,2015-04-22 00:00:00
219,2015-04-23 00:00:00
59,2015-04-24 00:00:00
21,2015-04-25 00:00:00
36,2015-04-26 00:00:00
79,2015-04-27 00:00:00
101,2015-04-28 00:00:00
108,2015-04-29 00:00:00
119,2015-04-30 00:00:00
70,2015-05-01 00:00:00
19,2015-05-02 00:00:00
29,2015-05-03 00:00:00
51,2015-05-04 00:00:00
75,2015-05-05 00:00:00
81,2015-05-06 00:00:00
120,2015-05-07 00:00:00
74,2015-05-08 00:00:00
48,2015-05-09 00:00:00
63,2015-05-10 00:00:00
122,2015-05-11 00:00:00
74,2015-05-12 00:00:00
63,2015-05-13 00:00:00
70,2015-05-14 00:00:00
115,2015-05-15 00:00:00
36,2015-05-16 00:00:00
36,2015-05-17 00:00:00
227,2015-05-18 00:00:00
180,2015-05-19 00:00:00
89,2015-05-20 00:00:00
99,2015-05-21 00:00:00
68,2015-05-22 00:00:00
44,2015-05-23 00:00:00
23,2015-05-24 00:00:00
54,2015-05-25 00:00:00
92,2015-05-26 00:00:00
79,2015-05-27 00:00:00
70,2015-05-28 00:00:00
386,2015-05-29 00:00:00
165,2015-05-30 00:00:00
70,2015-05-31 00:00:00
68,2015-06-01 00:00:00
94,2015-06-02 00:00:00
175,2015-06-03 00:00:00
191,2015-06-04 00:00:00
161,2015-06-05 00:00:00
32,2015-06-06 00:00:00
34,2015-06-07 00:00:00
61,2015-06-08 00:00:00
76,2015-06-09 00:00:00
70,2015-06-10 00:00:00
155,2015-06-11 00:00:00
78,2015-06-12 00:00:00
38,2015-06-13 00:00:00
37,2015-06-14 00:00:00
98,2015-06-15 00:00:00
122,2015-06-16 00:00:00
103,2015-06-17 00:00:00
132,2015-06-18 00:00:00
107,2015-06-19 00:00:00
25,2015-06-20 00:00:00
33,2015-06-21 00:00:00
49,2015-06-22 00:00:00
101,2015-06-23 00:00:00
98,2015-06-24 00:00:00
68,2015-06-25 00:00:00
53,2015-06-26 00:00:00
31,2015-06-27 00:00:00
18,2015-06-28 00:00:00
97,2015-06-29 00:00:00
144,2015-06-30 00:00:00
176,2015-07-01 00:00:00
138,2015-07-02 00:00:00
105,2015-07-03 00:00:00
38,2015-07-04 00:00:00
60,2015-07-05 00:00:00
85,2015-07-06 00:00:00
127,2015-07-07 00:00:00
176,2015-07-08 00:00:00
92,2015-07-09 00:00:00
108,2015-07-10 00:00:00
25,2015-07-11 00:00:00
49,2015-07-12 00:00:00
90,2015-07-13 00:00:00
90,2015-07-14 00:00:00
101,2015-07-15 00:00:00
88,2015-07-16 00:00:00
45,2015-07-17 00:00:00
36,2015-07-18 00:00:00
25,2015-07-19 00:00:00
62,2015-07-20 00:00:00
110,2015-07-21 00:00:00
119,2015-07-22 00:00:00
68,2015-07-23 00:00:00
96,2015-07-24 00:00:00
52,2015-07-25 00:00:00
52,2015-07-26 00:00:00
101,2015-07-27 00:00:00
88,2015-07-28 00:00:00
87,2015-07-29 00:00:00
78,2015-07-30 00:00:00
206,2015-07-31 00:00:00
332,2015-08-01 00:00:00
120,2015-08-02 00:00:00
165,2015-08-03 00:00:00
86,2015-08-04 00:00:00
118,2015-08-05 00:00:00
63,2015-08-06 00:00:00
101,2015-08-07 00:00:00
29,2015-08-08 00:00:00
63,2015-08-09 00:00:00
65,2015-08-10 00:00:00
64,2015-08-11 00:00:00
77,2015-08-12 00:00:00
74,2015-08-13 00:00:00
56,2015-08-14 00:00:00
53,2015-08-15 00:00:00
35,2015-08-16 00:00:00
89,2015-08-17 00:00:00
105,2015-08-18 00:00:00
93,2015-08-19 00:00:00
113,2015-08-20 00:00:00
136,2015-08-21 00:00:00
39,2015-08-22 00:00:00
90,2015-08-23 00:00:00
106,2015-08-24 00:00:00
63,2015-08-25 00:00:00
74,2015-08-26 00:00:00
96,2015-08-27 00:00:00
215,2015-08-28 00:00:00
56,2015-08-29 00:00:00
42,2015-08-30 00:00:00
237,2015-08-31 00:00:00
149,2015-09-01 00:00:00
84,2015-09-02 00:00:00
81,2015-09-03 00:00:00
50,2015-09-04 00:00:00
29,2015-09-05 00:00:00
21,2015-09-06 00:00:00
66,2015-09-07 00:00:00
64,2015-09-08 00:00:00
96,2015-09-09 00:00:00
90,2015-09-10 00:00:00
173,2015-09-11 00:00:00
60,2015-09-12 00:00:00
31,2015-09-13 00:00:00
89,2015-09-14 00:00:00
104,2015-09-15 00:00:00
158,2015-09-16 00:00:00
158,2015-09-17 00:00:00
171,2015-09-18 00:00:00
52,2015-09-19 00:00:00
56,2015-09-20 00:00:00
204,2015-09-21 00:00:00
210,2015-09-22 00:00:00
78,2015-09-23 00:00:00
74,2015-09-24 00:00:00
95,2015-09-25 00:00:00
26,2015-09-26 00:00:00
32,2015-09-27 00:00:00
61,2015-09-28 00:00:00
54,2015-09-29 00:00:00
103,2015-09-30 00:00:00
60,2015-10-01 00:00:00
36,2015-10-02 00:00:00
31,2015-10-03 00:00:00
47,2015-10-04 00:00:00
148,2015-10-05 00:00:00
97,2015-10-06 00:00:00
80,2015-10-07 00:00:00
83,2015-10-08 00:00:00
63,2015-10-09 00:00:00
30,2015-10-10 00:00:00
28,2015-10-11 00:00:00
56,2015-10-12 00:00:00
65,2015-10-13 00:00:00
115,2015-10-14 00:00:00
77,2015-10-15 00:00:00
64,2015-10-16 00:00:00
23,2015-10-17 00:00:00
31,2015-10-18 00:00:00
68,2015-10-19 00:00:00
130,2015-10-20 00:00:00
85,2015-10-21 00:00:00
353,2015-10-22 00:00:00
116,2015-10-23 00:00:00
36,2015-10-24 00:00:00
46,2015-10-25 00:00:00
101,2015-10-26 00:00:00
100,2015-10-27 00:00:00
178,2015-10-28 00:00:00
103,2015-10-29 00:00:00
96,2015-10-30 00:00:00
46,2015-10-31 00:00:00
39,2015-11-01 00:00:00
94,2015-11-02 00:00:00
154,2015-11-03 00:00:00
184,2015-11-04 00:00:00
200,2015-11-05 00:00:00
105,2015-11-06 00:00:00
57,2015-11-07 00:00:00
45,2015-11-08 00:00:00
195,2015-11-09 00:00:00
243,2015-11-10 00:00:00
189,2015-11-11 00:00:00
157,2015-11-12 00:00:00
163,2015-11-13 00:00:00
42,2015-11-14 00:00:00
68,2015-11-15 00:00:00
94,2015-11-16 00:00:00
105,2015-11-17 00:00:00
114,2015-11-18 00:00:00
187,2015-11-19 00:00:00
171,2015-11-20 00:00:00
61,2015-11-21 00:00:00
62,2015-11-22 00:00:00
114,2015-11-23 00:00:00
110,2015-11-24 00:00:00
82,2015-11-25 00:00:00
114,2015-11-26 00:00:00
69,2015-11-27 00:00:00
37,2015-11-28 00:00:00
75,2015-11-29 00:00:00
125,2015-11-30 00:00:00
121,2015-12-01 00:00:00
112,2015-12-02 00:00:00
105,2015-12-03 00:00:00
80,2015-12-04 00:00:00
43,2015-12-05 00:00:00
53,2015-12-06 00:00:00
133,2015-12-07 00:00:00
266,2015-12-08 00:00:00
889,2015-12-09 00:00:00
238,2015-12-10 00:00:00
123,2015-12-11 00:00:00
66,2015-12-12 00:00:00
48,2015-12-13 00:00:00
116,2015-12-14 00:00:00
186,2015-12-15 00:00:00
115,2015-12-16 00:00:00
159,2015-12-17 00:00:00
93,2015-12-18 00:00:00
76,2015-12-19 00:00:00
50,2015-12-20 00:00:00
93,2015-12-21 00:00:00
84,2015-12-22 00:00:00
84,2015-12-23 00:00:00
57,2015-12-24 00:00:00
40,2015-12-25 00:00:00
37,2015-12-26 00:00:00
57,2015-12-27 00:00:00
125,2015-12-28 00:00:00
92,2015-12-29 00:00:00
84,2015-12-30 00:00:00
59,2015-12-31 00:00:00
35,2016-01-01 00:00:00
52,2016-01-02 00:00:00
51,2016-01-03 00:00:00
101,2016-01-04 00:00:00
67,2016-01-05 00:00:00
129,2016-01-06 00:00:00
80,2016-01-07 00:00:00
69,2016-01-08 00:00:00
32,2016-01-09 00:00:00
57,2016-01-10 00:00:00
81,2016-01-11 00:00:00
101,2016-01-12 00:00:00
134,2016-01-13 00:00:00
148,2016-01-14 00:00:00
213,2016-01-15 00:00:00
64,2016-01-16 00:00:00
60,2016-01-17 00:00:00
143,2016-01-18 00:00:00
150,2016-01-19 00:00:00
232,2016-01-20 00:00:00
166,2016-01-21 00:00:00
115,2016-01-22 00:00:00
71,2016-01-23 00:00:00
66,2016-01-24 00:00:00
99,2016-01-25 00:00:00
108,2016-01-26 00:00:00
90,2016-01-27 00:00:00
110,2016-01-28 00:00:00
80,2016-01-29 00:00:00
39,2016-01-30 00:00:00
53,2016-01-31 00:00:00
105,2016-02-01 00:00:00
181,2016-02-02 00:00:00
115,2016-02-03 00:00:00
89,2016-02-04 00:00:00
75,2016-02-05 00:00:00
54,2016-02-06 00:00:00
53,2016-02-07 00:00:00
90,2016-02-08 00:00:00
103,2016-02-09 00:00:00
133,2016-02-10 00:00:00
158,2016-02-11 00:00:00
96,2016-02-12 00:00:00
47,2016-02-13 00:00:00
49,2016-02-14 00:00:00
159,2016-02-15 00:00:00
223,2016-02-16 00:00:00
162,2016-02-17 00:00:00
229,2016-02-18 00:00:00
114,2016-02-19 00:00:00
56,2016-02-20 00:00:00
60,2016-02-21 00:00:00
114,2016-02-22 00:00:00
76,2016-02-23 00:00:00
119,2016-02-24 00:00:00
120,2016-02-25 00:00:00
81,2016-02-26 00:00:00
48,2016-02-27 00:00:00
55,2016-02-28 00:00:00
155,2016-02-29 00:00:00
99,2016-03-01 00:00:00
118,2016-03-02 00:00:00
176,2016-03-03 00:00:00
137,2016-03-04 00:00:00
44,2016-03-05 00:00:00
96,2016-03-06 00:00:00
331,2016-03-07 00:00:00
159,2016-03-08 00:00:00
112,2016-03-09 00:00:00
106,2016-03-10 00:00:00
103,2016-03-11 00:00:00
44,2016-03-12 00:00:00
83,2016-03-13 00:00:00
206,2016-03-14 00:00:00
202,2016-03-15 00:00:00
152,2016-03-16 00:00:00
107,2016-03-17 00:00:00
72,2016-03-18 00:00:00
38,2016-03-19 00:00:00
66,2016-03-20 00:00:00
166,2016-03-21 00:00:00
108,2016-03-22 00:00:00
91,2016-03-23 00:00:00
75,2016-03-24 00:00:00
86,2016-03-25 00:00:00
36,2016-03-26 00:00:00
49,2016-03-27 00:00:00
121,2016-03-28 00:00:00
191,2016-03-29 00:00:00
121,2016-03-30 00:00:00
116,2016-03-31 00:00:00
129,2016-04-01 00:00:00
41,2016-04-02 00:00:00
48,2016-04-03 00:00:00
130,2016-04-04 00:00:00
190,2016-04-05 00:00:00
169,2016-04-06 00:00:00
112,2016-04-07 00:00:00
111,2016-04-08 00:00:00
34,2016-04-09 00:00:00
36,2016-04-10 00:00:00
200,2016-04-11 00:00:00
160,2016-04-12 00:00:00
135,2016-04-13 00:00:00
88,2016-04-14 00:00:00
113,2016-04-15 00:00:00
47,2016-04-16 00:00:00
33,2016-04-17 00:00:00
82,2016-04-18 00:00:00
94,2016-04-19 00:00:00
109,2016-04-20 00:00:00
116,2016-04-21 00:00:00
95,2016-04-22 00:00:00
58,2016-04-23 00:00:00
49,2016-04-24 00:00:00
152,2016-04-25 00:00:00
171,2016-04-26 00:00:00
133,2016-04-27 00:00:00
159,2016-04-28 00:00:00
114,2016-04-29 00:00:00
36,2016-04-30 00:00:00
47,2016-05-01 00:00:00
1877,2016-05-02 00:00:00
442,2016-05-03 00:00:00
233,2016-05-04 00:00:00
543,2016-05-05 00:00:00
249,2016-05-06 00:00:00
113,2016-05-07 00:00:00
81,2016-05-08 00:00:00
151,2016-05-09 00:00:00
188,2016-05-10 00:00:00
174,2016-05-11 00:00:00
94,2016-05-12 00:00:00
103,2016-05-13 00:00:00
54,2016-05-14 00:00:00
83,2016-05-15 00:00:00
106,2016-05-16 00:00:00
100,2016-05-17 00:00:00
245,2016-05-18 00:00:00
160,2016-05-19 00:00:00
112,2016-05-20 00:00:00
50,2016-05-21 00:00:00
71,2016-05-22 00:00:00
244,2016-05-23 00:00:00
99,2016-05-24 00:00:00
172,2016-05-25 00:00:00
132,2016-05-26 00:00:00
155,2016-05-27 00:00:00
44,2016-05-28 00:00:00
58,2016-05-29 00:00:00
221,2016-05-30 00:00:00
270,2016-05-31 00:00:00
180,2016-06-01 00:00:00
116,2016-06-02 00:00:00
102,2016-06-03 00:00:00
60,2016-06-04 00:00:00
51,2016-06-05 00:00:00
185,2016-06-06 00:00:00
116,2016-06-07 00:00:00
129,2016-06-08 00:00:00
153,2016-06-09 00:00:00
140,2016-06-10 00:00:00
41,2016-06-11 00:00:00
49,2016-06-12 00:00:00
158,2016-06-13 00:00:00
164,2016-06-14 00:00:00
164,2016-06-15 00:00:00
136,2016-06-16 00:00:00
196,2016-06-17 00:00:00
121,2016-06-18 00:00:00
51,2016-06-19 00:00:00
172,2016-06-20 00:00:00
189,2016-06-21 00:00:00
136,2016-06-22 00:00:00
151,2016-06-23 00:00:00
183,2016-06-24 00:00:00
46,2016-06-25 00:00:00
46,2016-06-26 00:00:00
122,2016-06-27 00:00:00
156,2016-06-28 00:00:00
136,2016-06-29 00:00:00
121,2016-06-30 00:00:00
123,2016-07-01 00:00:00
55,2016-07-02 00:00:00
51,2016-07-03 00:00:00
90,2016-07-04 00:00:00
150,2016-07-05 00:00:00
159,2016-07-06 00:00:00
202,2016-07-07 00:00:00
149,2016-07-08 00:00:00
127,2016-07-09 00:00:00
114,2016-07-10 00:00:00
179,2016-07-11 00:00:00
171,2016-07-12 00:00:00
123,2016-07-13 00:00:00
113,2016-07-14 00:00:00
175,2016-07-15 00:00:00
40,2016-07-16 00:00:00
56,2016-07-17 00:00:00
89,2016-07-18 00:00:00
147,2016-07-19 00:00:00
132,2016-07-20 00:00:00
228,2016-07-21 00:00:00
109,2016-07-22 00:00:00
31,2016-07-23 00:00:00
49,2016-07-24 00:00:00
218,2016-07-25 00:00:00
201,2016-07-26 00:00:00
151,2016-07-27 00:00:00
115,2016-07-28 00:00:00
96,2016-07-29 00:00:00
49,2016-07-30 00:00:00
89,2016-07-31 00:00:00
99,2016-08-01 00:00:00
189,2016-08-02 00:00:00
744,2016-08-03 00:00:00
224,2016-08-04 00:00:00
195,2016-08-05 00:00:00
60,2016-08-06 00:00:00
66,2016-08-07 00:00:00
231,2016-08-08 00:00:00
152,2016-08-09 00:00:00
145,2016-08-10 00:00:00
163,2016-08-11 00:00:00
195,2016-08-12 00:00:00
77,2016-08-13 00:00:00
68,2016-08-14 00:00:00
270,2016-08-15 00:00:00
330,2016-08-16 00:00:00
228,2016-08-17 00:00:00
121,2016-08-18 00:00:00
129,2016-08-19 00:00:00
49,2016-08-20 00:00:00
45,2016-08-21 00:00:00
89,2016-08-22 00:00:00
153,2016-08-23 00:00:00
258,2016-08-24 00:00:00
162,2016-08-25 00:00:00
113,2016-08-26 00:00:00
49,2016-08-27 00:00:00
38,2016-08-28 00:00:00
144,2016-08-29 00:00:00
103,2016-08-30 00:00:00
119,2016-08-31 00:00:00
164,2016-09-01 00:00:00
115,2016-09-02 00:00:00
39,2016-09-03 00:00:00
46,2016-09-04 00:00:00
98,2016-09-05 00:00:00
175,2016-09-06 00:00:00
119,2016-09-07 00:00:00
114,2016-09-08 00:00:00
101,2016-09-09 00:00:00
57,2016-09-10 00:00:00
58,2016-09-11 00:00:00
122,2016-09-12 00:00:00
132,2016-09-13 00:00:00
137,2016-09-14 00:00:00
166,2016-09-15 00:00:00
99,2016-09-16 00:00:00
81,2016-09-17 00:00:00
56,2016-09-18 00:00:00
165,2016-09-19 00:00:00
169,2016-09-20 00:00:00
183,2016-09-21 00:00:00
191,2016-09-22 00:00:00
105,2016-09-23 00:00:00
25,2016-09-24 00:00:00
45,2016-09-25 00:00:00
172,2016-09-26 00:00:00
135,2016-09-27 00:00:00
230,2016-09-28 00:00:00
144,2016-09-29 00:00:00
105,2016-09-30 00:00:00
47,2016-10-01 00:00:00
64,2016-10-02 00:00:00
174,2016-10-03 00:00:00
228,2016-10-04 00:00:00
121,2016-10-05 00:00:00
110,2016-10-06 00:00:00
105,2016-10-07 00:00:00
46,2016-10-08 00:00:00
48,2016-10-09 00:00:00
92,2016-10-10 00:00:00
129,2016-10-11 00:00:00
128,2016-10-12 00:00:00
139,2016-10-13 00:00:00
88,2016-10-14 00:00:00
79,2016-10-15 00:00:00
35,2016-10-16 00:00:00
102,2016-10-17 00:00:00
146,2016-10-18 00:00:00
319,2016-10-19 00:00:00
154,2016-10-20 00:00:00
110,2016-10-21 00:00:00
108,2016-10-22 00:00:00
72,2016-10-23 00:00:00
171,2016-10-24 00:00:00
129,2016-10-25 00:00:00
131,2016-10-26 00:00:00
120,2016-10-27 00:00:00
239,2016-10-28 00:00:00
135,2016-10-29 00:00:00
61,2016-10-30 00:00:00
179,2016-10-31 00:00:00
140,2016-11-01 00:00:00
137,2016-11-02 00:00:00
89,2016-11-03 00:00:00
451,2016-11-04 00:00:00
48,2016-11-05 00:00:00
42,2016-11-06 00:00:00
106,2016-11-07 00:00:00
113,2016-11-08 00:00:00
157,2016-11-09 00:00:00
133,2016-11-10 00:00:00
92,2016-11-11 00:00:00
46,2016-11-12 00:00:00
64,2016-11-13 00:00:00
104,2016-11-14 00:00:00
187,2016-11-15 00:00:00
164,2016-11-16 00:00:00
95,2016-11-17 00:00:00
117,2016-11-18 00:00:00
59,2016-11-19 00:00:00
60,2016-11-20 00:00:00
181,2016-11-21 00:00:00
136,2016-11-22 00:00:00
113,2016-11-23 00:00:00
100,2016-11-24 00:00:00
109,2016-11-25 00:00:00
40,2016-11-26 00:00:00
122,2016-11-27 00:00:00
406,2016-11-28 00:00:00
230,2016-11-29 00:00:00
233,2016-11-30 00:00:00
168,2016-12-01 00:00:00
105,2016-12-02 00:00:00
78,2016-12-03 00:00:00
55,2016-12-04 00:00:00
153,2016-12-05 00:00:00
117,2016-12-06 00:00:00
224,2016-12-07 00:00:00
172,2016-12-08 00:00:00
163,2016-12-09 00:00:00
65,2016-12-10 00:00:00
71,2016-12-11 00:00:00
221,2016-12-12 00:00:00
219,2016-12-13 00:00:00
171,2016-12-14 00:00:00
193,2016-12-15 00:00:00
141,2016-12-16 00:00:00
70,2016-12-17 00:00:00
66,2016-12-18 00:00:00
195,2016-12-19 00:00:00
148,2016-12-20 00:00:00
253,2016-12-21 00:00:00
198,2016-12-22 00:00:00
164,2016-12-23 00:00:00
53,2016-12-24 00:00:00
51,2016-12-25 00:00:00
68,2016-12-26 00:00:00
106,2016-12-27 00:00:00
183,2016-12-28 00:00:00
178,2016-12-29 00:00:00
142,2016-12-30 00:00:00
69,2016-12-31 00:00:00
71,2017-01-01 00:00:00
445,2017-01-02 00:00:00
337,2017-01-03 00:00:00
268,2017-01-04 00:00:00
561,2017-01-05 00:00:00
353,2017-01-06 00:00:00
74,2017-01-07 00:00:00
82,2017-01-08 00:00:00
352,2017-01-09 00:00:00
274,2017-01-10 00:00:00
336,2017-01-11 00:00:00
250,2017-01-12 00:00:00
226,2017-01-13 00:00:00
85,2017-01-14 00:00:00
124,2017-01-15 00:00:00
152,2017-01-16 00:00:00
282,2017-01-17 00:00:00
273,2017-01-18 00:00:00
185,2017-01-19 00:00:00
162,2017-01-20 00:00:00
43,2017-01-21 00:00:00
81,2017-01-22 00:00:00
233,2017-01-23 00:00:00
184,2017-01-24 00:00:00
220,2017-01-25 00:00:00
215,2017-01-26 00:00:00
201,2017-01-27 00:00:00
51,2017-01-28 00:00:00
90,2017-01-29 00:00:00
212,2017-01-30 00:00:00
186,2017-01-31 00:00:00
191,2017-02-01 00:00:00
219,2017-02-02 00:00:00
137,2017-02-03 00:00:00
83,2017-02-04 00:00:00
64,2017-02-05 00:00:00
192,2017-02-06 00:00:00
316,2017-02-07 00:00:00
255,2017-02-08 00:00:00
285,2017-02-09 00:00:00
206,2017-02-10 00:00:00
57,2017-02-11 00:00:00
80,2017-02-12 00:00:00
236,2017-02-13 00:00:00
147,2017-02-14 00:00:00
222,2017-02-15 00:00:00
97,2017-02-16 00:00:00
161,2017-02-17 00:00:00
56,2017-02-18 00:00:00
48,2017-02-19 00:00:00
126,2017-02-20 00:00:00
189,2017-02-21 00:00:00
248,2017-02-22 00:00:00
276,2017-02-23 00:00:00
388,2017-02-24 00:00:00
75,2017-02-25 00:00:00
64,2017-02-26 00:00:00
183,2017-02-27 00:00:00
168,2017-02-28 00:00:00
343,2017-03-01 00:00:00
280,2017-03-02 00:00:00
488,2017-03-03 00:00:00
130,2017-03-04 00:00:00
101,2017-03-05 00:00:00
290,2017-03-06 00:00:00
227,2017-03-07 00:00:00
200,2017-03-08 00:00:00
375,2017-03-09 00:00:00
524,2017-03-10 00:00:00
139,2017-03-11 00:00:00
57,2017-03-12 00:00:00
242,2017-03-13 00:00:00
190,2017-03-14 00:00:00
339,2017-03-15 00:00:00
180,2017-03-16 00:00:00
192,2017-03-17 00:00:00
65,2017-03-18 00:00:00
148,2017-03-19 00:00:00
256,2017-03-20 00:00:00
191,2017-03-21 00:00:00
281,2017-03-22 00:00:00
269,2017-03-23 00:00:00
229,2017-03-24 00:00:00
76,2017-03-25 00:00:00
68,2017-03-26 00:00:00
130,2017-03-27 00:00:00
219,2017-03-28 00:00:00
227,2017-03-29 00:00:00
129,2017-03-30 00:00:00
160,2017-03-31 00:00:00
63,2017-04-01 00:00:00
64,2017-04-02 00:00:00
161,2017-04-03 00:00:00
144,2017-04-04 00:00:00
196,2017-04-05 00:00:00
165,2017-04-06 00:00:00
119,2017-04-07 00:00:00
72,2017-04-08 00:00:00
81,2017-04-09 00:00:00
186,2017-04-10 00:00:00
202,2017-04-11 00:00:00
218,2017-04-12 00:00:00
179,2017-04-13 00:00:00
124,2017-04-14 00:00:00
112,2017-04-15 00:00:00
91,2017-04-16 00:00:00
120,2017-04-17 00:00:00
104,2017-04-18 00:00:00
97,2017-04-19 00:00:00
151,2017-04-20 00:00:00
177,2017-04-21 00:00:00
66,2017-04-22 00:00:00
71,2017-04-23 00:00:00
253,2017-04-24 00:00:00
225,2017-04-25 00:00:00
223,2017-04-26 00:00:00
218,2017-04-27 00:00:00
151,2017-04-28 00:00:00
71,2017-04-29 00:00:00
96,2017-04-30 00:00:00
177,2017-05-01 00:00:00
458,2017-05-02 00:00:00
247,2017-05-03 00:00:00
211,2017-05-04 00:00:00
269,2017-05-05 00:00:00
147,2017-05-06 00:00:00
113,2017-05-07 00:00:00
166,2017-05-08 00:00:00
391,2017-05-09 00:00:00
172,2017-05-10 00:00:00
224,2017-05-11 00:00:00
2174,2017-05-12 00:00:00
2149,2017-05-13 00:00:00
1618,2017-05-14 00:00:00
3355,2017-05-15 00:00:00
2137,2017-05-16 00:00:00
1019,2017-05-17 00:00:00
525,2017-05-18 00:00:00
566,2017-05-19 00:00:00
245,2017-05-20 00:00:00
295,2017-05-21 00:00:00
939,2017-05-22 00:00:00
623,2017-05-23 00:00:00
560,2017-05-24 00:00:00
665,2017-05-25 00:00:00
518,2017-05-26 00:00:00
235,2017-05-27 00:00:00
174,2017-05-28 00:00:00
313,2017-05-29 00:00:00
324,2017-05-30 00:00:00
520,2017-05-31 00:00:00
350,2017-06-01 00:00:00
353,2017-06-02 00:00:00
98,2017-06-03 00:00:00
142,2017-06-04 00:00:00
328,2017-06-05 00:00:00
499,2017-06-06 00:00:00
267,2017-06-07 00:00:00
262,2017-06-08 00:00:00
227,2017-06-09 00:00:00
124,2017-06-10 00:00:00
131,2017-06-11 00:00:00
395,2017-06-12 00:00:00
354,2017-06-13 00:00:00
349,2017-06-14 00:00:00
446,2017-06-15 00:00:00
302,2017-06-16 00:00:00
119,2017-06-17 00:00:00
115,2017-06-18 00:00:00
326,2017-06-19 00:00:00
305,2017-06-20 00:00:00
323,2017-06-21 00:00:00
425,2017-06-22 00:00:00
289,2017-06-23 00:00:00
61,2017-06-24 00:00:00
146,2017-06-25 00:00:00
325,2017-06-26 00:00:00
1585,2017-06-27 00:00:00
1524,2017-06-28 00:00:00
551,2017-06-29 00:00:00
382,2017-06-30 00:00:00
179,2017-07-01 00:00:00
121,2017-07-02 00:00:00
267,2017-07-03 00:00:00
260,2017-07-04 00:00:00
508,2017-07-05 00:00:00
311,2017-07-06 00:00:00
371,2017-07-07 00:00:00
127,2017-07-08 00:00:00
167,2017-07-09 00:00:00
461,2017-07-10 00:00:00
709,2017-07-11 00:00:00
517,2017-07-12 00:00:00
344,2017-07-13 00:00:00
324,2017-07-14 00:00:00
242,2017-07-15 00:00:00
230,2017-07-16 00:00:00
352,2017-07-17 00:00:00
328,2017-07-18 00:00:00
330,2017-07-19 00:00:00
653,2017-07-20 00:00:00
485,2017-07-21 00:00:00
136,2017-07-22 00:00:00
184,2017-07-23 00:00:00
538,2017-07-24 00:00:00
404,2017-07-25 00:00:00
673,2017-07-26 00:00:00
631,2017-07-27 00:00:00
458,2017-07-28 00:00:00
130,2017-07-29 00:00:00
160,2017-07-30 00:00:00
699,2017-07-31 00:00:00
895,2017-08-01 00:00:00
776,2017-08-02 00:00:00
639,2017-08-03 00:00:00
426,2017-08-04 00:00:00
293,2017-08-05 00:00:00
221,2017-08-06 00:00:00
862,2017-08-07 00:00:00
939,2017-08-08 00:00:00
531,2017-08-09 00:00:00
618,2017-08-10 00:00:00
647,2017-08-11 00:00:00
312,2017-08-12 00:00:00
492,2017-08-13 00:00:00
803,2017-08-14 00:00:00
599,2017-08-15 00:00:00
576,2017-08-16 00:00:00
551,2017-08-17 00:00:00
409,2017-08-18 00:00:00
197,2017-08-19 00:00:00
183,2017-08-20 00:00:00
417,2017-08-21 00:00:00
536,2017-08-22 00:00:00
376,2017-08-23 00:00:00
503,2017-08-24 00:00:00
439,2017-08-25 00:00:00
208,2017-08-26 00:00:00
161,2017-08-27 00:00:00
450,2017-08-28 00:00:00
510,2017-08-29 00:00:00
408,2017-08-30 00:00:00
507,2017-08-31 00:00:00
447,2017-09-01 00:00:00
255,2017-09-02 00:00:00
218,2017-09-03 00:00:00
815,2017-09-04 00:00:00
777,2017-09-05 00:00:00
557,2017-09-06 00:00:00
513,2017-09-07 00:00:00
502,2017-09-08 00:00:00
171,2017-09-09 00:00:00
226,2017-09-10 00:00:00
614,2017-09-11 00:00:00
754,2017-09-12 00:00:00
1170,2017-09-13 00:00:00
1150,2017-09-14 00:00:00
1301,2017-09-15 00:00:00
304,2017-09-16 00:00:00
324,2017-09-17 00:00:00
848,2017-09-18 00:00:00
896,2017-09-19 00:00:00
510,2017-09-20 00:00:00
528,2017-09-21 00:00:00
589,2017-09-22 00:00:00
321,2017-09-23 00:00:00
205,2017-09-24 00:00:00
493,2017-09-25 00:00:00
572,2017-09-26 00:00:00
599,2017-09-27 00:00:00
638,2017-09-28 00:00:00
806,2017-09-29 00:00:00
222,2017-09-30 00:00:00
232,2017-10-01 00:00:00
673,2017-10-02 00:00:00
697,2017-10-03 00:00:00
595,2017-10-04 00:00:00
481,2017-10-05 00:00:00
451,2017-10-06 00:00:00
204,2017-10-07 00:00:00
190,2017-10-08 00:00:00
479,2017-10-09 00:00:00
621,2017-10-10 00:00:00
610,2017-10-11 00:00:00
1119,2017-10-12 00:00:00
965,2017-10-13 00:00:00
220,2017-10-14 00:00:00
294,2017-10-15 00:00:00
658,2017-10-16 00:00:00
650,2017-10-17 00:00:00
699,2017-10-18 00:00:00
637,2017-10-19 00:00:00
637,2017-10-20 00:00:00
289,2017-10-21 00:00:00
275,2017-10-22 00:00:00
767,2017-10-23 00:00:00
773,2017-10-24 00:00:00
787,2017-10-25 00:00:00
523,2017-10-26 00:00:00
482,2017-10-27 00:00:00
174,2017-10-28 00:00:00
254,2017-10-29 00:00:00
768,2017-10-30 00:00:00
875,2017-10-31 00:00:00
999,2017-11-01 00:00:00
1068,2017-11-02 00:00:00
873,2017-11-03 00:00:00
392,2017-11-04 00:00:00
368,2017-11-05 00:00:00
729,2017-11-06 00:00:00
716,2017-11-07 00:00:00
1021,2017-11-08 00:00:00
789,2017-11-09 00:00:00
872,2017-11-10 00:00:00
334,2017-11-11 00:00:00
389,2017-11-12 00:00:00
1293,2017-11-13 00:00:00
732,2017-11-14 00:00:00
1012,2017-11-15 00:00:00
966,2017-11-16 00:00:00
846,2017-11-17 00:00:00
260,2017-11-18 00:00:00
319,2017-11-19 00:00:00
1013,2017-11-20 00:00:00
1284,2017-11-21 00:00:00
895,2017-11-22 00:00:00
643,2017-11-23 00:00:00
625,2017-11-24 00:00:00
311,2017-11-25 00:00:00
630,2017-11-26 00:00:00
2103,2017-11-27 00:00:00
2297,2017-11-28 00:00:00
3529,2017-11-29 00:00:00
2347,2017-11-30 00:00:00
2118,2017-12-01 00:00:00
627,2017-12-02 00:00:00
1066,2017-12-03 00:00:00
2649,2017-12-04 00:00:00
1969,2017-12-05 00:00:00
3097,2017-12-06 00:00:00
7011,2017-12-07 00:00:00
3962,2017-12-08 00:00:00
1117,2017-12-09 00:00:00
3246,2017-12-10 00:00:00
6600,2017-12-11 00:00:00
3738,2017-12-12 00:00:00
5600,2017-12-13 00:00:00
3526,2017-12-14 00:00:00
3879,2017-12-15 00:00:00
1346,2017-12-16 00:00:00
1767,2017-12-17 00:00:00
4135,2017-12-18 00:00:00
4747,2017-12-19 00:00:00
4177,2017-12-20 00:00:00
3289,2017-12-21 00:00:00
5990,2017-12-22 00:00:00
1525,2017-12-23 00:00:00
1093,2017-12-24 00:00:00
1217,2017-12-25 00:00:00
2719,2017-12-26 00:00:00
2486,2017-12-27 00:00:00
3052,2017-12-28 00:00:00
2914,2017-12-29 00:00:00
1061,2017-12-30 00:00:00
972,2017-12-31 00:00:00
1026,2018-01-01 00:00:00
2527,2018-01-02 00:00:00
2777,2018-01-03 00:00:00
2240,2018-01-04 00:00:00
1768,2018-01-05 00:00:00
695,2018-01-06 00:00:00
744,2018-01-07 00:00:00
2295,2018-01-08 00:00:00
2415,2018-01-09 00:00:00
3134,2018-01-10 00:00:00
3939,2018-01-11 00:00:00
2584,2018-01-12 00:00:00
871,2018-01-13 00:00:00
839,2018-01-14 00:00:00
1992,2018-01-15 00:00:00
4293,2018-01-16 00:00:00
5221,2018-01-17 00:00:00
3059,2018-01-18 00:00:00
2164,2018-01-19 00:00:00
823,2018-01-20 00:00:00
881,2018-01-21 00:00:00
2270,2018-01-22 00:00:00
2607,2018-01-23 00:00:00
2179,2018-01-24 00:00:00
2832,2018-01-25 00:00:00
2667,2018-01-26 00:00:00
1032,2018-01-27 00:00:00
1081,2018-01-28 00:00:00
2651,2018-01-29 00:00:00
2978,2018-01-30 00:00:00
2791,2018-01-31 00:00:00
2980,2018-02-01 00:00:00
3955,2018-02-02 00:00:00
782,2018-02-03 00:00:00
775,2018-02-04 00:00:00
3754,2018-02-05 00:00:00
4655,2018-02-06 00:00:00
2280,2018-02-07 00:00:00
1965,2018-02-08 00:00:00
1907,2018-02-09 00:00:00
713,2018-02-10 00:00:00
893,2018-02-11 00:00:00
2143,2018-02-12 00:00:00
1772,2018-02-13 00:00:00
2243,2018-02-14 00:00:00
1901,2018-02-15 00:00:00
2017,2018-02-16 00:00:00
858,2018-02-17 00:00:00
774,2018-02-18 00:00:00
1541,2018-02-19 00:00:00
2809,2018-02-20 00:00:00
2190,2018-02-21 00:00:00
1886,2018-02-22 00:00:00
1772,2018-02-23 00:00:00
908,2018-02-24 00:00:00
790,2018-02-25 00:00:00
2041,2018-02-26 00:00:00
2229,2018-02-27 00:00:00
1745,2018-02-28 00:00:00
1731,2018-03-01 00:00:00
2241,2018-03-02 00:00:00
870,2018-03-03 00:00:00
800,2018-03-04 00:00:00
1381,2018-03-05 00:00:00
1696,2018-03-06 00:00:00
1838,2018-03-07 00:00:00
1868,2018-03-08 00:00:00
1701,2018-03-09 00:00:00
713,2018-03-10 00:00:00
519,2018-03-11 00:00:00
1599,2018-03-12 00:00:00
1491,2018-03-13 00:00:00
2127,2018-03-14 00:00:00
1742,2018-03-15 00:00:00
1521,2018-03-16 00:00:00
853,2018-03-17 00:00:00
933,2018-03-18 00:00:00
2214,2018-03-19 00:00:00
1523,2018-03-20 00:00:00
1811,2018-03-21 00:00:00
1265,2018-03-22 00:00:00
1956,2018-03-23 00:00:00
431,2018-03-24 00:00:00
715,2018-03-25 00:00:00
1478,2018-03-26 00:00:00
1119,2018-03-27 00:00:00
1377,2018-03-28 00:00:00
1440,2018-03-29 00:00:00
1146,2018-03-30 00:00:00
669,2018-03-31 00:00:00
653,2018-04-01 00:00:00
1261,2018-04-02 00:00:00
1604,2018-04-03 00:00:00
1212,2018-04-04 00:00:00
1484,2018-04-05 00:00:00
1568,2018-04-06 00:00:00
737,2018-04-07 00:00:00
776,2018-04-08 00:00:00
1666,2018-04-09 00:00:00
1370,2018-04-10 00:00:00
1136,2018-04-11 00:00:00
1550,2018-04-12 00:00:00
1591,2018-04-13 00:00:00
626,2018-04-14 00:00:00
868,2018-04-15 00:00:00
1368,2018-04-16 00:00:00
1741,2018-04-17 00:00:00
1996,2018-04-18 00:00:00
1312,2018-04-19 00:00:00
1198,2018-04-20 00:00:00
615,2018-04-21 00:00:00
679,2018-04-22 00:00:00
1451,2018-04-23 00:00:00
1524,2018-04-24 00:00:00
1274,2018-04-25 00:00:00
948,2018-04-26 00:00:00
928,2018-04-27 00:00:00
634,2018-04-28 00:00:00
657,2018-04-29 00:00:00
1067,2018-04-30 00:00:00
1050,2018-05-01 00:00:00
969,2018-05-02 00:00:00
1001,2018-05-03 00:00:00
907,2018-05-04 00:00:00
571,2018-05-05 00:00:00
683,2018-05-06 00:00:00
1858,2018-05-07 00:00:00
1489,2018-05-08 00:00:00
1214,2018-05-09 00:00:00
1213,2018-05-10 00:00:00
1375,2018-05-11 00:00:00
737,2018-05-12 00:00:00
686,2018-05-13 00:00:00
1514,2018-05-14 00:00:00
1409,2018-05-15 00:00:00
1241,2018-05-16 00:00:00
1301,2018-05-17 00:00:00
1017,2018-05-18 00:00:00
624,2018-05-19 00:00:00
597,2018-05-20 00:00:00
1134,2018-05-21 00:00:00
1129,2018-05-22 00:00:00
1328,2018-05-23 00:00:00
1427,2018-05-24 00:00:00
1195,2018-05-25 00:00:00
667,2018-05-26 00:00:00
716,2018-05-27 00:00:00
993,2018-05-28 00:00:00
949,2018-05-29 00:00:00
1004,2018-05-30 00:00:00
1204,2018-05-31 00:00:00
954,2018-06-01 00:00:00
536,2018-06-02 00:00:00
748,2018-06-03 00:00:00
1137,2018-06-04 00:00:00
1101,2018-06-05 00:00:00
1249,2018-06-06 00:00:00
1066,2018-06-07 00:00:00
929,2018-06-08 00:00:00
598,2018-06-09 00:00:00
802,2018-06-10 00:00:00
2021,2018-06-11 00:00:00
1093,2018-06-12 00:00:00
1964,2018-06-13 00:00:00
1372,2018-06-14 00:00:00
967,2018-06-15 00:00:00
508,2018-06-16 00:00:00
610,2018-06-17 00:00:00
1173,2018-06-18 00:00:00
1345,2018-06-19 00:00:00
3764,2018-06-20 00:00:00
5765,2018-06-21 00:00:00
5187,2018-06-22 00:00:00
3164,2018-06-23 00:00:00
2234,2018-06-24 00:00:00
1084,2018-06-25 00:00:00
1103,2018-06-26 00:00:00
1038,2018-06-27 00:00:00
1076,2018-06-28 00:00:00
1328,2018-06-29 00:00:00
582,2018-06-30 00:00:00
462,2018-07-01 00:00:00
3676,2018-07-02 00:00:00
5088,2018-07-03 00:00:00
4914,2018-07-04 00:00:00
7522,2018-07-05 00:00:00
3423,2018-07-06 00:00:00
536,2018-07-07 00:00:00
520,2018-07-08 00:00:00
691,2018-07-09 00:00:00
701,2018-07-10 00:00:00
802,2018-07-11 00:00:00
812,2018-07-12 00:00:00
1169,2018-07-13 00:00:00
468,2018-07-14 00:00:00
519,2018-07-15 00:00:00
1568,2018-07-16 00:00:00
1088,2018-07-17 00:00:00
973,2018-07-18 00:00:00
754,2018-07-19 00:00:00
1021,2018-07-20 00:00:00
580,2018-07-21 00:00:00
474,2018-07-22 00:00:00
1000,2018-07-23 00:00:00
1455,2018-07-24 00:00:00
1067,2018-07-25 00:00:00
1209,2018-07-26 00:00:00
972,2018-07-27 00:00:00
444,2018-07-28 00:00:00
450,2018-07-29 00:00:00
1066,2018-07-30 00:00:00
952,2018-07-31 00:00:00
1243,2018-08-01 00:00:00
843,2018-08-02 00:00:00
1025,2018-08-03 00:00:00
426,2018-08-04 00:00:00
333,2018-08-05 00:00:00
957,2018-08-06 00:00:00
841,2018-08-07 00:00:00
728,2018-08-08 00:00:00
890,2018-08-09 00:00:00
1098,2018-08-10 00:00:00
491,2018-08-11 00:00:00
409,2018-08-12 00:00:00
855,2018-08-13 00:00:00
1171,2018-08-14 00:00:00
1006,2018-08-15 00:00:00
485,2018-08-16 00:00:00
566,2018-08-17 00:00:00
213,2018-08-18 00:00:00
460,2018-08-19 00:00:00
928,2018-08-20 00:00:00
664,2018-08-21 00:00:00
897,2018-08-22 00:00:00
760,2018-08-23 00:00:00
583,2018-08-24 00:00:00
301,2018-08-25 00:00:00
409,2018-08-26 00:00:00
953,2018-08-27 00:00:00
569,2018-08-28 00:00:00
631,2018-08-29 00:00:00
430,2018-08-30 00:00:00
479,2018-08-31 00:00:00
144,2018-09-01 00:00:00
297,2018-09-02 00:00:00
363,2018-09-03 00:00:00
310,2018-09-04 00:00:00
508,2018-09-05 00:00:00
893,2018-09-06 00:00:00
818,2018-09-07 00:00:00
410,2018-09-08 00:00:00
432,2018-09-09 00:00:00
877,2018-09-10 00:00:00
873,2018-09-11 00:00:00
889,2018-09-12 00:00:00
697,2018-09-13 00:00:00
824,2018-09-14 00:00:00
370,2018-09-15 00:00:00
281,2018-09-16 00:00:00
580,2018-09-17 00:00:00
638,2018-09-18 00:00:00
1096,2018-09-19 00:00:00
1387,2018-09-20 00:00:00
832,2018-09-21 00:00:00
349,2018-09-22 00:00:00
467,2018-09-23 00:00:00
824,2018-09-24 00:00:00
898,2018-09-25 00:00:00
938,2018-09-26 00:00:00
867,2018-09-27 00:00:00
663,2018-09-28 00:00:00
285,2018-09-29 00:00:00
377,2018-09-30 00:00:00
676,2018-10-01 00:00:00
670,2018-10-02 00:00:00
829,2018-10-03 00:00:00
913,2018-10-04 00:00:00
690,2018-10-05 00:00:00
369,2018-10-06 00:00:00
402,2018-10-07 00:00:00
627,2018-10-08 00:00:00
842,2018-10-09 00:00:00
735,2018-10-10 00:00:00
874,2018-10-11 00:00:00
726,2018-10-12 00:00:00
357,2018-10-13 00:00:00
371,2018-10-14 00:00:00
838,2018-10-15 00:00:00
758,2018-10-16 00:00:00
664,2018-10-17 00:00:00
735,2018-10-18 00:00:00
833,2018-10-19 00:00:00
515,2018-10-20 00:00:00
444,2018-10-21 00:00:00
828,2018-10-22 00:00:00
1128,2018-10-23 00:00:00
1008,2018-10-24 00:00:00
875,2018-10-25 00:00:00
689,2018-10-26 00:00:00
431,2018-10-27 00:00:00
448,2018-10-28 00:00:00
813,2018-10-29 00:00:00
1021,2018-10-30 00:00:00
1217,2018-10-31 00:00:00
767,2018-11-01 00:00:00
724,2018-11-02 00:00:00
398,2018-11-03 00:00:00
494,2018-11-04 00:00:00
935,2018-11-05 00:00:00
950,2018-11-06 00:00:00
750,2018-11-07 00:00:00
616,2018-11-08 00:00:00
774,2018-11-09 00:00:00
422,2018-11-10 00:00:00
406,2018-11-11 00:00:00
710,2018-11-12 00:00:00
939,2018-11-13 00:00:00
1230,2018-11-14 00:00:00
1264,2018-11-15 00:00:00
844,2018-11-16 00:00:00
420,2018-11-17 00:00:00
467,2018-11-18 00:00:00
1640,2018-11-19 00:00:00
1994,2018-11-20 00:00:00
1198,2018-11-21 00:00:00
853,2018-11-22 00:00:00
611,2018-11-23 00:00:00
494,2018-11-24 00:00:00
720,2018-11-25 00:00:00
1409,2018-11-26 00:00:00
1019,2018-11-27 00:00:00
1460,2018-11-28 00:00:00
1100,2018-11-29 00:00:00
795,2018-11-30 00:00:00
425,2018-12-01 00:00:00
357,2018-12-02 00:00:00
752,2018-12-03 00:00:00
709,2018-12-04 00:00:00
500,2018-12-05 00:00:00
661,2018-12-06 00:00:00
943,2018-12-07 00:00:00
358,2018-12-08 00:00:00
365,2018-12-09 00:00:00
639,2018-12-10 00:00:00
592,2018-12-11 00:00:00
1064,2018-12-12 00:00:00
2598,2018-12-13 00:00:00
1358,2018-12-14 00:00:00
428,2018-12-15 00:00:00
479,2018-12-16 00:00:00
825,2018-12-17 00:00:00
571,2018-12-18 00:00:00
678,2018-12-19 00:00:00
600,2018-12-20 00:00:00
443,2018-12-21 00:00:00
329,2018-12-22 00:00:00
230,2018-12-23 00:00:00
271,2018-12-24 00:00:00
166,2018-12-25 00:00:00
448,2018-12-26 00:00:00
635,2018-12-27 00:00:00
635,2018-12-28 00:00:00
193,2018-12-29 00:00:00
311,2018-12-30 00:00:00
561,2018-12-31 00:00:00
269,2019-01-01 00:00:00
686,2019-01-02 00:00:00
716,2019-01-03 00:00:00
748,2019-01-04 00:00:00
418,2019-01-05 00:00:00
448,2019-01-06 00:00:00
693,2019-01-07 00:00:00
741,2019-01-08 00:00:00
833,2019-01-09 00:00:00
597,2019-01-10 00:00:00
651,2019-01-11 00:00:00
386,2019-01-12 00:00:00
399,2019-01-13 00:00:00
781,2019-01-14 00:00:00
675,2019-01-15 00:00:00
808,2019-01-16 00:00:00
616,2019-01-17 00:00:00
730,2019-01-18 00:00:00
331,2019-01-19 00:00:00
460,2019-01-20 00:00:00
601,2019-01-21 00:00:00
653,2019-01-22 00:00:00
837,2019-01-23 00:00:00
745,2019-01-24 00:00:00
756,2019-01-25 00:00:00
515,2019-01-26 00:00:00
501,2019-01-27 00:00:00
1774,2019-01-28 00:00:00
723,2019-01-29 00:00:00
713,2019-01-30 00:00:00
532,2019-01-31 00:00:00
624,2019-02-01 00:00:00
356,2019-02-02 00:00:00
266,2019-02-03 00:00:00
868,2019-02-04 00:00:00
1096,2019-02-05 00:00:00
785,2019-02-06 00:00:00
647,2019-02-07 00:00:00
608,2019-02-08 00:00:00
448,2019-02-09 00:00:00
477,2019-02-10 00:00:00
600,2019-02-11 00:00:00
681,2019-02-12 00:00:00
647,2019-02-13 00:00:00
959,2019-02-14 00:00:00
477,2019-02-15 00:00:00
262,2019-02-16 00:00:00
291,2019-02-17 00:00:00
551,2019-02-18 00:00:00
495,2019-02-19 00:00:00
317,2019-02-20 00:00:00
451,2019-02-21 00:00:00
431,2019-02-22 00:00:00
269,2019-02-23 00:00:00
393,2019-02-24 00:00:00
732,2019-02-25 00:00:00
1013,2019-02-26 00:00:00
1175,2019-02-27 00:00:00
1014,2019-02-28 00:00:00
939,2019-03-01 00:00:00
602,2019-03-02 00:00:00
585,2019-03-03 00:00:00
731,2019-03-04 00:00:00
782,2019-03-05 00:00:00
691,2019-03-06 00:00:00
3,2019-03-07 00:00:00
